crop_name,crop_type,min_temp,max_temp,soil_type,ph_min,ph_max,min_humidity,max_humidity
Wheat_Spring,plant,12,26,loamy,6.2,7.4,52,72
Rice,plant,20,35,clayey,5.5,7.0,70,90
Maize,plant,18,30,loamy,5.8,7.2,50,80
Potato,vegetable,10,22,sandy_loam,5.0,6.5,60,80
Tomato,vegetable,18,30,loamy,5.5,7.5,60,85
Onion,vegetable,13,28,sandy_loam,6.0,7.5,50,70
Garlic,vegetable,12,24,loamy,6.0,7.5,50,70
Carrot,vegetable,10,25,sandy,5.5,7.0,55,75
Cabbage,vegetable,10,25,loamy,6.0,7.5,60,80
Cauliflower,vegetable,12,25,loamy,6.0,7.5,60,80
Lettuce,vegetable,8,20,loamy,6.0,7.0,60,85
Spinach,vegetable,7,20,loamy,6.0,7.5,60,80
Pepper,vegetable,18,30,loamy,5.5,7.0,60,80
Eggplant,vegetable,20,35,loamy,5.5,7.0,60,80
Cucumber,vegetable,18,30,sandy_loam,5.5,7.0,70,90
Zucchini,vegetable,18,30,loamy,5.8,7.2,60,80
Watermelon,plant,20,35,sandy,5.5,7.5,60,80
Melon,plant,20,35,sandy_loam,5.5,7.5,60,80
Bean,plant,15,30,loamy,5.5,7.0,50,75
Olive,tree,10,30,sandy_loam,6.0,8.0,40,60
Apple,tree,5,25,loamy,5.5,7.0,50,70
Grapes,tree,10,30,sandy_loam,5.5,7.0,45,65
Orange,tree,13,35,loamy,5.5,7.5,60,80
Lemon,tree,12,35,loamy,5.5,7.5,60,80
Avocado,tree,15,30,loamy,5.5,7.0,60,80
Pomegranate,tree,15,35,sandy_loam,5.5,7.5,40,65
Walnut,tree,5,25,loamy,6.0,7.5,50,70
Radish,vegetable,8,25,sandy_loam,6.0,7.5,50,70
Mint,herb,10,30,loamy,6.0,7.5,60,85
Chicory,vegetable,8,25,loamy,6.0,7.5,50,75
Parsley,herb,10,25,loamy,6.0,7.5,60,80
Coriander,herb,10,25,loamy,6.0,7.5,50,70
Molokhia,vegetable,20,35,loamy,6.0,7.5,60,85
